Source: Bids Source,0.7,80000,1,1,1,1,3656853199008,0,82170.57362917524,0,79710.00914360794
Source: Bids Source,0.7,80000,1,1,1,1,3656853199008,0,82170.57362917524,0,79710.00914360794
,0.7,80000,1,1
Mapper,0.7,80000,1,1,1,1,3656880531909,383922.47477373364,383923.91382464825,78516.3265899859,78516.62089156764
Latency Sink,0.7,80000,1,1,1,1,3656864279808,3612510.883180414,0.0,78257.54474067283,0.0
Latency Sink,0.7,80000,1,1,1,1,3656864279808,3612510.883180414,0.0,78257.54474067283,0.0
Source: Bids Source,0.7,80000,1,1,1,1,3666990433736,0,81197.33947026703,0,79794.46986020624
Source: Bids Source,0.7,80000,1,1,1,1,3666990433736,0,81197.33947026703,0,79794.46986020624
Mapper,0.7,80000,1,1,1,1,3667077578441,455774.53697636904,455775.6748566602,80106.74205028809,80106.94204365229
Mapper,0.7,80000,1,1,1,1,3667077578441,455774.53697636904,455775.6748566602,80106.74205028809,80106.94204365229
Latency Sink,0.7,80000,1,1,1,1,3667099826742,4081880.8244346785,0.0,80689.93727992875,0.0
Latency Sink,0.7,80000,1,1,1,1,3667099826742,4081880.8244346785,0.0,80689.93727992875,0.0
Source: Bids Source,0.7,80000,1,1,1,1,3677065887342,0,81534.23137134277,0,79999.31536042661
Source: Bids Source,0.7,80000,1,1,1,1,3677065887342,0,81534.23137134277,0,79999.31536042661
Mapper,0.7,80000,1,1,1,1,3677079691342,461485.0172005492,461486.17249440064,79885.99697813374,79886.19696686075
Mapper,0.7,80000,1,1,1,1,3677079691342,461485.0172005492,461486.17249440064,79885.99697813374,79886.19696686075
Latency Sink,0.7,80000,1,1,1,1,3677109409242,3940487.8900292264,0.0,79891.15253809394,0.0
Latency Sink,0.7,80000,1,1,1,1,3677109409242,3940487.8900292264,0.0,79891.15253809394,0.0
,0.7,80000,1,1
Source: Bids Source,0.7,80000,1,1,1,1,3687076838223,0,81432.02994379039,0,80021.12026959089
Mapper,0.7,80000,1,1,1,1,3687082622423,474508.43826443737,474509.6239930622,80032.35389146753,80032.5538808571
Mapper,0.7,80000,1,1,1,1,3687082622423,474508.43826443737,474509.6239930622,80032.35389146753,80032.5538808571
Latency Sink,0.7,80000,1,1,1,1,3687115544223,4123646.730024851,0.0,80075.004473373,0.0
Latency Sink,0.7,80000,1,1,1,1,3687115544223,4123646.730024851,0.0,80075.004473373,0.0
Source: Bids Source,0.7,80000,1,1,1,1,3697080604972,0,81852.62593933278,0,79997.92839482488
Source: Bids Source,0.7,80000,1,1,1,1,3697080604972,0,81852.62593933278,0,79997.92839482488
Mapper,0.7,80000,1,1,1,1,3697084539072,408527.4607410462,408528.48252716515,79955.02744533704,79955.22742439607
Mapper,0.7,80000,1,1,1,1,3697084539072,408527.4607410462,408528.48252716515,79955.02744533704,79955.22742439607
Latency Sink,0.7,80000,1,1,1,1,3697122940472,3742216.8186004674,0.0,79949.02955727368,0.0
Latency Sink,0.7,80000,1,1,1,1,3697122940472,3742216.8186004674,0.0,79949.02955727368,0.0
,0.7,80000,1,1
Source: Bids Source,0.7,80000,1,1,1,1,3707081294030,0,82874.63316644076,0,79982.40578630083
Mapper,0.7,80000,1,1,1,1,3707092541730,354932.06648567226,354932.95341228694,80028.97358334997,80029.17356479238
Mapper,0.7,80000,1,1,1,1,3707092541730,354932.06648567226,354932.95341228694,80028.97358334997,80029.17356479238
Latency Sink,0.7,80000,1,1,1,1,3707127952130,3495604.953348703,0.0,80369.55812757905,0.0
Latency Sink,0.7,80000,1,1,1,1,3707127952130,3495604.953348703,0.0,80369.55812757905,0.0
Source: Bids Source,0.7,80000,1,1,1,1,3717084402696,0,81647.03516717658,0,79991.15839139001
Source: Bids Source,0.7,80000,1,1,1,1,3717084402696,0,81647.03516717658,0,79991.15839139001
Mapper,0.7,80000,1,1,1,1,3717095700796,413084.12716612715,413085.15893624455,80054.68254829713,80054.88250279496
Mapper,0.7,80000,1,1,1,1,3717095700796,413084.12716612715,413085.15893624455,80054.68254829713,80054.88250279496
Latency Sink,0.7,80000,1,1,1,1,3717131892796,3715823.4457454486,0.0,79468.3347562798,0.0
Latency Sink,0.7,80000,1,1,1,1,3717131892796,3715823.4457454486,0.0,79468.3347562798,0.0
Source: Bids Source,0.7,80000,1,1,1,1,3727085895322,0,82063.54037771079,0,79985.80771369612
Source: Bids Source,0.7,80000,1,1,1,1,3727085895322,0,82063.54037771079,0,79985.80771369612
Mapper,0.7,80000,1,1,1,1,3727101306222,365210.72522531106,365211.6382487003,80000.25395985384,80000.45395973875
Mapper,0.7,80000,1,1,1,1,3727101306222,365210.72522531106,365211.6382487003,80000.25395985384,80000.45395973875
,0.7,80000,1,1
Latency Sink,0.7,80000,1,1,1,1,3727142699122,3491932.0074498127,0.0,80694.92344225799,0.0
Source: Bids Source,0.7,80000,1,1,1,1,3737088115077,0,81803.67723606626,0,79984.4037201405
Source: Bids Source,0.7,80000,1,1,1,1,3737088115077,0,81803.67723606626,0,79984.4037201405
Mapper,0.7,80000,1,1,1,1,3737108225477,386795.11804801325,386796.08219398814,80234.92287984658,80235.12287766021
Mapper,0.7,80000,1,1,1,1,3737108225477,386795.11804801325,386796.08219398814,80234.92287984658,80235.12287766021
Latency Sink,0.7,80000,1,1,1,1,3737147741977,3582616.2111961064,0.0,80085.29846645729,0.0
Latency Sink,0.7,80000,1,1,1,1,3737147741977,3582616.2111961064,0.0,80085.29846645729,0.0
,0.7,80000,1,1
Source: Bids Source,0.7,80000,1,1,1,1,3747090393697,0,82397.72609009901,0,79993.72748368558
Mapper,0.7,80000,1,1,1,1,3747110584196,421639.08482151735,421640.1405873394,79869.59271889844,79869.79270886438
Mapper,0.7,80000,1,1,1,1,3747110584196,421639.08482151735,421640.1405873394,79869.59271889844,79869.79270886438
Latency Sink,0.7,80000,1,1,1,1,3747151461796,3900398.186480044,0.0,79998.65744719934,0.0
Latency Sink,0.7,80000,1,1,1,1,3747151461796,3900398.186480044,0.0,79998.65744719934,0.0
Source: Bids Source,0.7,80000,1,1,1,1,3757093278024,0,82081.74621123224,0,80034.54784216224
Source: Bids Source,0.7,80000,1,1,1,1,3757093278024,0,82081.74621123224,0,80034.54784216224
Mapper,0.7,80000,1,1,1,1,3757114254424,393620.64535657386,393621.62628026685,80254.57506284997,80254.7750615418
Mapper,0.7,80000,1,1,1,1,3757114254424,393620.64535657386,393621.62628026685,80254.57506284997,80254.7750615418
Latency Sink,0.7,80000,1,1,1,1,3757156954524,3608533.161861696,0.0,80250.16732666227,0.0
Latency Sink,0.7,80000,1,1,1,1,3757156954524,3608533.161861696,0.0,80250.16732666227,0.0
,0.7,80000,1,1
Source: Bids Source,0.7,80000,1,1,1,1,3767094107733,0,82588.61346384129,0,79924.18725547522
Mapper,0.7,80000,1,1,1,1,3767115693433,398720.8254887052,398721.82593865955,79706.73954927715,79706.93954536175
Mapper,0.7,80000,1,1,1,1,3767115693433,398720.8254887052,398721.82593865955,79706.73954927715,79706.93954536175
Latency Sink,0.7,80000,1,1,1,1,3767160879032,3775744.6546622016,0.0,79912.15265566588,0.0
Latency Sink,0.7,80000,1,1,1,1,3767160879032,3775744.6546622016,0.0,79912.15265566588,0.0
,0.7,80000,1,1
Source: Bids Source,0.7,80000,1,1,1,1,3777100694807,0,81761.0075168528,0,80298.76762833454
Mapper,0.7,80000,1,1,1,1,3777117381807,460494.1355765892,460495.2814264339,80370.36369069068,80370.56367666581
Mapper,0.7,80000,1,1,1,1,3777117381807,460494.1355765892,460495.2814264339,80370.36369069068,80370.56367666581
,0.7,80000,1,1
Latency Sink,0.7,80000,1,1,1,1,3777166029207,4014525.4595224094,0.0,80347.46731565744,0.0
,0.7,80000,1,1
Source: Bids Source,0.7,80000,1,1,1,1,3787102142299,0,82210.91444635837,0,79984.9462904736
Mapper,0.7,80000,1,1,1,1,3787119942199,423013.2702122502,423014.328376356,79932.92344404134,79933.12339557106
Mapper,0.7,80000,1,1,1,1,3787119942199,423013.2702122502,423014.328376356,79932.92344404134,79933.12339557106
Latency Sink,0.7,80000,1,1,1,1,3787171883599,3864960.599180541,0.0,80100.11943359743,0.0
Latency Sink,0.7,80000,1,1,1,1,3787171883599,3864960.599180541,0.0,80100.11943359743,0.0
,0.7,80000,1,1
Source: Bids Source,0.7,80000,1,1,1,1,3797105022701,0,82741.7896235941,0,80032.49097925391
Mapper,0.7,80000,1,1,1,1,3797125362601,359326.23032271786,359327.1269984979,80146.1035298418,80146.30352935153
Mapper,0.7,80000,1,1,1,1,3797125362601,359326.23032271786,359327.1269984979,80146.1035298418,80146.30352935153
Latency Sink,0.7,80000,1,1,1,1,3797177138301,3456109.6007396705,0.0,80292.03850059376,0.0
Latency Sink,0.7,80000,1,1,1,1,3797177138301,3456109.6007396705,0.0,80292.03850059376,0.0
,0.7,80000,1,1
Source: Bids Source,0.7,80000,1,1,1,1,3807108448015,0,81352.95586904473,0,79961.95720515413
Mapper,0.7,80000,1,1,1,1,3807126855115,427084.1770112594,427085.24472570594,79997.89962326961,79998.09961876865
Mapper,0.7,80000,1,1,1,1,3807126855115,427084.1770112594,427085.24472570594,79997.89962326961,79998.09961876865
Latency Sink,0.7,80000,1,1,1,1,3807181022515,3766340.929589991,0.0,80028.15470655823,0.0
Latency Sink,0.7,80000,1,1,1,1,3807181022515,3766340.929589991,0.0,80028.15470655823,0.0
,0.7,80000,1,1
Source: Bids Source,0.7,80000,1,1,1,1,3817116631768,0,81493.7756591377,0,79959.22202273502
Mapper,0.7,80000,1,1,1,1,3817128340668,411703.2681874361,411704.3040857145,79440.7368130698,79440.93669616245
Mapper,0.7,80000,1,1,1,1,3817128340668,411703.2681874361,411704.3040857145,79440.7368130698,79440.93669616245
Latency Sink,0.7,80000,1,1,1,1,3817186422668,3652809.909377619,0.0,78301.03755289337,0.0
Latency Sink,0.7,80000,1,1,1,1,3817186422668,3652809.909377619,0.0,78301.03755289337,0.0
Source: Bids Source,0.7,80000,1,1,1,1,3827128258054,0,83747.31946512318,0,80756.992895693
Source: Bids Source,0.7,80000,1,1,1,1,3827128258054,0,83747.31946512318,0,80756.992895693
Mapper,0.7,80000,1,1,1,1,3827138682354,355437.3770091516,355438.25686779746,80788.39205786424,80788.59204348712
Mapper,0.7,80000,1,1,1,1,3827138682354,355437.3770091516,355438.25686779746,80788.39205786424,80788.59204348712
Latency Sink,0.7,80000,1,1,1,1,3827195551554,3439283.813885534,0.0,82047.93937078687,0.0
Latency Sink,0.7,80000,1,1,1,1,3827195551554,3439283.813885534,0.0,82047.93937078687,0.0
Source: Bids Source,0.7,80000,1,1,1,1,3837129668962,0,82458.85796726585,0,80030.66018121802
Source: Bids Source,0.7,80000,1,1,1,1,3837129668962,0,82458.85796726585,0,80030.66018121802
Mapper,0.7,80000,1,1,1,1,3837141156762,357694.2690812826,357695.1633247799,79996.64542331694,79996.84541668044
Mapper,0.7,80000,1,1,1,1,3837141156762,357694.2690812826,357695.1633247799,79996.64542331694,79996.84541668044
Latency Sink,0.7,80000,1,1,1,1,3837202422163,3395324.058016678,0.0,80171.77708584895,0.0
Latency Sink,0.7,80000,1,1,1,1,3837202422163,3395324.058016678,0.0,80171.77708584895,0.0
,0.7,80000,1,1
Source: Bids Source,0.7,80000,1,1,1,1,3847130595298,0,82617.03698319333,0,79963.64808874407
Mapper,0.7,80000,1,1,1,1,3847143199698,394984.120294328,394985.10819300875,79956.90375032903,79957.10373132999
Mapper,0.7,80000,1,1,1,1,3847143199698,394984.120294328,394985.10819300875,79956.90375032903,79957.10373132999
,0.7,80000,1,1
Latency Sink,0.7,80000,1,1,1,1,3847208167998,3809307.3418544293,0.0,80286.43545693226,0.0
Source: Bids Source,0.7,80000,1,1,1,1,3857131703441,0,81000.6271761682,0,79446.74900752027
Source: Bids Source,0.7,80000,1,1,1,1,3857131703441,0,81000.6271761682,0,79446.74900752027
Mapper,0.7,80000,1,1,1,1,3857146610641,424085.63062538486,424086.6990341567,79366.01878256683,79366.21873121995
Mapper,0.7,80000,1,1,1,1,3857146610641,424085.63062538486,424086.6990341567,79366.01878256683,79366.21873121995
Latency Sink,0.7,80000,1,1,1,1,3857213697241,3819451.105521244,0.0,78017.61157081525,0.0
Latency Sink,0.7,80000,1,1,1,1,3857213697241,3819451.105521244,0.0,78017.61157081525,0.0
Source: Bids Source,0.7,80000,1,1,1,1,3867136972544,0,82121.36716453583,0,80542.94439314332
Source: Bids Source,0.7,80000,1,1,1,1,3867136972544,0,82121.36716453583,0,80542.94439314332
Mapper,0.7,80000,1,1,1,1,3867153585744,410930.7251166931,410931.74319931574,80711.91865141319,80712.11861553558
Mapper,0.7,80000,1,1,1,1,3867153585744,410930.7251166931,410931.74319931574,80711.91865141319,80712.11861553558
Latency Sink,0.7,80000,1,1,1,1,3867225998644,3778549.4096262245,0.0,82373.3334221916,0.0
Latency Sink,0.7,80000,1,1,1,1,3867225998644,3778549.4096262245,0.0,82373.3334221916,0.0
Source: Bids Source,0.7,80000,1,1,1,1,3877138987046,0,82158.24144465433,0,79947.77278304663
Source: Bids Source,0.7,80000,1,1,1,1,3877138987046,0,82158.24144465433,0,79947.77278304663
Mapper,0.7,80000,1,1,1,1,3877158160346,394347.1743315221,394348.1586368732,80124.1781386198,80124.37813157633
Mapper,0.7,80000,1,1,1,1,3877158160346,394347.1743315221,394348.1586368732,80124.1781386198,80124.37813157633
Latency Sink,0.7,80000,1,1,1,1,3877229816946,3640533.0465629706,0.0,79882.78064150161,0.0
Latency Sink,0.7,80000,1,1,1,1,3877229816946,3640533.0465629706,0.0,79882.78064150161,0.0
Source: Bids Source,0.7,80000,1,1,1,1,3887139838632,0,82283.97647936131,0,79925.22672740028
Source: Bids Source,0.7,80000,1,1,1,1,3887139838632,0,82283.97647936131,0,79925.22672740028
Mapper,0.7,80000,1,1,1,1,3887160756632,385453.89274905855,385454.85682726646,79954.62998303064,79954.82996159574
Mapper,0.7,80000,1,1,1,1,3887160756632,385453.89274905855,385454.85682726646,79954.62998303064,79954.82996159574
Latency Sink,0.7,80000,1,1,1,1,3887236666432,3666295.3414988318,0.0,80230.49750081991,0.0
Latency Sink,0.7,80000,1,1,1,1,3887236666432,3666295.3414988318,0.0,80230.49750081991,0.0
Source: Bids Source,0.8999999999999999,80000,1,1,1,1,4064085255679,0,82414.83323316535,0,79377.64879221682
Source: Bids Source,0.8999999999999999,80000,1,1,1,1,4064085255679,0,82414.83323316535,0,79377.64879221682
Mapper,0.8999999999999999,80000,1,1,1,1,4064085350079,350501.63519484084,350502.94897491846,78826.39855350976,78826.69401732963
Mapper,0.8999999999999999,80000,1,1,1,1,4064085350079,350501.63519484084,350502.94897491846,78826.39855350976,78826.69401732963
Latency Sink,0.8999999999999999,80000,1,1,1,1,4064090620679,3775216.487313185,0.0,78875.10330747868,0.0
Latency Sink,0.8999999999999999,80000,1,1,1,1,4064090620679,3775216.487313185,0.0,78875.10330747868,0.0
Source: Bids Source,0.8999999999999999,80000,1,1,1,1,4074230758510,0,81522.83400512705,0,80000.05729582618
Source: Bids Source,0.8999999999999999,80000,1,1,1,1,4074230758510,0,81522.83400512705,0,80000.05729582618
Mapper,0.8999999999999999,80000,1,1,1,1,4074241261110,385395.7182142506,385396.68170595483,79989.0059795749,79989.20595258978
Mapper,0.8999999999999999,80000,1,1,1,1,4074241261110,385395.7182142506,385396.68170595483,79989.0059795749,79989.20595258978
Latency Sink,0.8999999999999999,80000,1,1,1,1,4074247487010,3608138.1556099784,0.0,79818.64215549295,0.0
Latency Sink,0.8999999999999999,80000,1,1,1,1,4074247487010,3608138.1556099784,0.0,79818.64215549295,0.0
,0.8999999999999999,80000,1,1
Source: Bids Source,0.8999999999999999,80000,1,1,1,1,4084240355148,0,81020.50780564133,0,80025.3009084315
Mapper,0.8999999999999999,80000,1,1,1,1,4084248808348,466927.6988169083,466928.86560235097,80018.32435884104,80018.52431317285
Mapper,0.8999999999999999,80000,1,1,1,1,4084248808348,466927.6988169083,466928.86560235097,80018.32435884104,80018.52431317285
Latency Sink,0.8999999999999999,80000,1,1,1,1,4084271800049,4038458.07051431,0.0,80606.90349906744,0.0
Latency Sink,0.8999999999999999,80000,1,1,1,1,4084271800049,4038458.07051431,0.0,80606.90349906744,0.0
,0.8999999999999999,80000,1,1
Source: Bids Source,0.8999999999999999,80000,1,1,1,1,4094244095680,0,82183.73989781471,0,80034.98061280673
Mapper,0.8999999999999999,80000,1,1,1,1,4094254344580,414406.49455725186,414407.5296315706,80072.10478195745,80072.30478022098
Mapper,0.8999999999999999,80000,1,1,1,1,4094254344580,414406.49455725186,414407.5296315706,80072.10478195745,80072.30478022098
Latency Sink,0.8999999999999999,80000,1,1,1,1,4094275435780,3986113.0969223646,0.0,79717.39573491266,0.0
Latency Sink,0.8999999999999999,80000,1,1,1,1,4094275435780,3986113.0969223646,0.0,79717.39573491266,0.0
Source: Bids Source,0.8999999999999999,80000,1,1,1,1,4104245856304,0,82002.14602564734,0,79997.55904058338
Source: Bids Source,0.8999999999999999,80000,1,1,1,1,4104245856304,0,82002.14602564734,0,79997.55904058338
Mapper,0.8999999999999999,80000,1,1,1,1,4104257382804,360899.0960426961,360899.9978778466,80036.36365261814,80036.56365202753
Mapper,0.8999999999999999,80000,1,1,1,1,4104257382804,360899.0960426961,360899.9978778466,80036.36365261814,80036.56365202753
Latency Sink,0.8999999999999999,80000,1,1,1,1,4104283522004,3461955.146274635,0.0,80610.4215847988,0.0
Latency Sink,0.8999999999999999,80000,1,1,1,1,4104283522004,3461955.146274635,0.0,80610.4215847988,0.0
Source: Bids Source,0.8999999999999999,80000,1,1,1,1,4114246574534,0,81946.09750890118,0,79947.60740853017
Source: Bids Source,0.8999999999999999,80000,1,1,1,1,4114246574534,0,81946.09750890118,0,79947.60740853017
Mapper,0.8999999999999999,80000,1,1,1,1,4114260424134,391882.0802171243,391883.0599223249,79992.46883704694,79992.66881821904
Mapper,0.8999999999999999,80000,1,1,1,1,4114260424134,391882.0802171243,391883.0599223249,79992.46883704694,79992.66881821904
Latency Sink,0.8999999999999999,80000,1,1,1,1,4114287209834,3614421.914452356,0.0,79544.67868906006,0.0
Latency Sink,0.8999999999999999,80000,1,1,1,1,4114287209834,3614421.914452356,0.0,79544.67868906006,0.0
Source: Bids Source,0.8999999999999999,80000,1,1,1,1,4124248934018,0,81600.19208637196,0,79983.53383105563
Source: Bids Source,0.8999999999999999,80000,1,1,1,1,4124248934018,0,81600.19208637196,0,79983.53383105563
Mapper,0.8999999999999999,80000,1,1,1,1,4124263365818,420190.14507286425,420191.19411104464,80107.1527264842,80107.35272037439
Mapper,0.8999999999999999,80000,1,1,1,1,4124263365818,420190.14507286425,420191.19411104464,80107.1527264842,80107.35272037439
Latency Sink,0.8999999999999999,80000,1,1,1,1,4124294972219,3850001.74753944,0.0,80388.1555633675,0.0
Latency Sink,0.8999999999999999,80000,1,1,1,1,4124294972219,3850001.74753944,0.0,80388.1555633675,0.0
Source: Bids Source,0.8999999999999999,80000,1,1,1,1,4134251277118,0,81678.67695065457,0,79936.97628544542
Source: Bids Source,0.8999999999999999,80000,1,1,1,1,4134251277118,0,81678.67695065457,0,79936.97628544542
Mapper,0.8999999999999999,80000,1,1,1,1,4134265864018,376369.4395637283,376370.3822064719,79847.82317060535,79848.02315488459
Mapper,0.8999999999999999,80000,1,1,1,1,4134265864018,376369.4395637283,376370.3822064719,79847.82317060535,79848.02315488459
Latency Sink,0.8999999999999999,80000,1,1,1,1,4134300752918,3610330.9423381705,0.0,80102.58466028834,0.0
Latency Sink,0.8999999999999999,80000,1,1,1,1,4134300752918,3610330.9423381705,0.0,80102.58466028834,0.0
Source: Bids Source,0.8999999999999999,80000,1,1,1,1,4144255609916,0,81839.01460195614,0,80026.92883203001
Source: Bids Source,0.8999999999999999,80000,1,1,1,1,4144255609916,0,81839.01460195614,0,80026.92883203001
Mapper,0.8999999999999999,80000,1,1,1,1,4144268127417,380148.24749075755,380149.1978601883,79987.11979418305,79987.31976173258
Mapper,0.8999999999999999,80000,1,1,1,1,4144268127417,380148.24749075755,380149.1978601883,79987.11979418305,79987.31976173258
Latency Sink,0.8999999999999999,80000,1,1,1,1,4144307250317,3634771.3809310547,0.0,80161.44612089838,0.0
Latency Sink,0.8999999999999999,80000,1,1,1,1,4144307250317,3634771.3809310547,0.0,80161.44612089838,0.0
Source: Bids Source,0.8999999999999999,80000,1,1,1,1,4154257095701,0,81005.5065518239,0,79965.46306362908
Source: Bids Source,0.8999999999999999,80000,1,1,1,1,4154257095701,0,81005.5065518239,0,79965.46306362908
Mapper,0.8999999999999999,80000,1,1,1,1,4154271862004,449886.25201245263,449887.376219379,80028.78306043202,80028.98304189806
Mapper,0.8999999999999999,80000,1,1,1,1,4154271862004,449886.25201245263,449887.376219379,80028.78306043202,80028.98304189806
Latency Sink,0.8999999999999999,80000,1,1,1,1,4154312265012,3943019.9681266183,0.0,79806.70342107677,0.0
Latency Sink,0.8999999999999999,80000,1,1,1,1,4154312265012,3943019.9681266183,0.0,79806.70342107677,0.0
Source: Bids Source,0.8999999999999999,80000,1,1,1,1,4164261849688,0,81504.69396021152,0,79970.62352717703
Source: Bids Source,0.8999999999999999,80000,1,1,1,1,4164261849688,0,81504.69396021152,0,79970.62352717703
Mapper,0.8999999999999999,80000,1,1,1,1,4164274246388,395189.59919289954,395190.58852227876,79877.49332273916,79877.69329042821
Mapper,0.8999999999999999,80000,1,1,1,1,4164274246388,395189.59919289954,395190.58852227876,79877.49332273916,79877.69329042821
Latency Sink,0.8999999999999999,80000,1,1,1,1,4164317426688,3712953.755622513,0.0,79823.11974101824,0.0
Latency Sink,0.8999999999999999,80000,1,1,1,1,4164317426688,3712953.755622513,0.0,79823.11974101824,0.0
Source: Bids Source,0.8999999999999999,80000,1,1,1,1,4174265849696,0,81446.59589877768,0,79949.53302806418
Source: Bids Source,0.8999999999999999,80000,1,1,1,1,4174265849696,0,81446.59589877768,0,79949.53302806418
Mapper,0.8999999999999999,80000,1,1,1,1,4174279353797,442213.2057192803,442214.30723314587,80265.18123015389,80265.3811635998
Mapper,0.8999999999999999,80000,1,1,1,1,4174279353797,442213.2057192803,442214.30723314587,80265.18123015389,80265.3811635998
Latency Sink,0.8999999999999999,80000,1,1,1,1,4174324132097,4009964.8305958873,0.0,80452.98066810917,0.0
Latency Sink,0.8999999999999999,80000,1,1,1,1,4174324132097,4009964.8305958873,0.0,80452.98066810917,0.0
Source: Bids Source,0.8999999999999999,80000,1,1,1,1,4184268910609,0,81427.5300646713,0,79989.54450478802
Source: Bids Source,0.8999999999999999,80000,1,1,1,1,4184268910609,0,81427.5300646713,0,79989.54450478802
Mapper,0.8999999999999999,80000,1,1,1,1,4184283973009,405673.2542113841,405674.27117591765,79779.028327092,79779.22832164794
Mapper,0.8999999999999999,80000,1,1,1,1,4184283973009,405673.2542113841,405674.27117591765,79779.028327092,79779.22832164794
Latency Sink,0.8999999999999999,80000,1,1,1,1,4184330582709,3708027.5650095046,0.0,80085.63795188203,0.0
Latency Sink,0.8999999999999999,80000,1,1,1,1,4184330582709,3708027.5650095046,0.0,80085.63795188203,0.0
Source: Bids Source,0.8999999999999999,80000,1,1,1,1,4194272228620,0,81670.19415005237,0,80020.85664064993
Source: Bids Source,0.8999999999999999,80000,1,1,1,1,4194272228620,0,81670.19415005237,0,80020.85664064993
Mapper,0.8999999999999999,80000,1,1,1,1,4194287155020,387364.5098812941,387365.4782937793,79995.07703280963,79995.2770207522
Mapper,0.8999999999999999,80000,1,1,1,1,4194287155020,387364.5098812941,387365.4782937793,79995.07703280963,79995.2770207522
Latency Sink,0.8999999999999999,80000,1,1,1,1,4194342265521,3673707.30809328,0.0,80109.65683618019,0.0
Latency Sink,0.8999999999999999,80000,1,1,1,1,4194342265521,3673707.30809328,0.0,80109.65683618019,0.0
Source: Bids Source,0.8999999999999999,80000,1,1,1,1,4204274606327,0,82402.26589375909,0,79979.42321282419
Source: Bids Source,0.8999999999999999,80000,1,1,1,1,4204274606327,0,82402.26589375909,0,79979.42321282419
Mapper,0.8999999999999999,80000,1,1,1,1,4204289532128,380046.8924013745,380047.8403572661,80178.85069876246,80179.05068990939
Mapper,0.8999999999999999,80000,1,1,1,1,4204289532128,380046.8924013745,380047.8403572661,80178.85069876246,80179.05068990939
,0.8999999999999999,80000,1,1
Latency Sink,0.8999999999999999,80000,1,1,1,1,4204348883830,3698634.8454437996,0.0,80354.68357023147,0.0
Source: Bids Source,0.8999999999999999,80000,1,1,1,1,4214277839200,0,81428.18232712086,0,79936.51452724618
Source: Bids Source,0.8999999999999999,80000,1,1,1,1,4214277839200,0,81428.18232712086,0,79936.51452724618
Mapper,0.8999999999999999,80000,1,1,1,1,4214292129902,399493.96009631717,399494.96156773804,79776.24667783812,79776.44666491951
Mapper,0.8999999999999999,80000,1,1,1,1,4214292129902,399493.96009631717,399494.96156773804,79776.24667783812,79776.44666491951
Latency Sink,0.8999999999999999,80000,1,1,1,1,4214356050810,3597411.4442396755,0.0,80026.89140343438,0.0
Latency Sink,0.8999999999999999,80000,1,1,1,1,4214356050810,3597411.4442396755,0.0,80026.89140343438,0.0
Source: Bids Source,0.8999999999999999,80000,1,1,1,1,4224282946573,0,81424.05528124384,0,79995.06364495546
Source: Bids Source,0.8999999999999999,80000,1,1,1,1,4224282946573,0,81424.05528124384,0,79995.06364495546
Mapper,0.8999999999999999,80000,1,1,1,1,4224295282774,417960.2642473138,417961.3096380013,79825.54743524616,79825.74709270419
Mapper,0.8999999999999999,80000,1,1,1,1,4224295282774,417960.2642473138,417961.3096380013,79825.54743524616,79825.74709270419
Latency Sink,0.8999999999999999,80000,1,1,1,1,4224361727775,3815346.3532261914,0.0,78427.05752192561,0.0
Latency Sink,0.8999999999999999,80000,1,1,1,1,4224361727775,3815346.3532261914,0.0,78427.05752192561,0.0
Source: Bids Source,0.8999999999999999,80000,1,1,1,1,4234286930957,0,81969.56657017283,0,80107.49373153308
Source: Bids Source,0.8999999999999999,80000,1,1,1,1,4234286930957,0,81969.56657017283,0,80107.49373153308
Mapper,0.8999999999999999,80000,1,1,1,1,4234318235357,367414.26068728796,367415.16974037956,80832.71118018485,80832.91117575897
Mapper,0.8999999999999999,80000,1,1,1,1,4234318235357,367414.26068728796,367415.16974037956,80832.71118018485,80832.91117575897
Latency Sink,0.8999999999999999,80000,1,1,1,1,4234369369957,3510624.3940743147,0.0,82102.29966437892,0.0
Latency Sink,0.8999999999999999,80000,1,1,1,1,4234369369957,3510624.3940743147,0.0,82102.29966437892,0.0
,0.8999999999999999,80000,1,1
Source: Bids Source,0.8999999999999999,80000,1,1,1,1,4244287370455,0,82405.98054955459,0,80070.87787018399
Mapper,0.8999999999999999,80000,1,1,1,1,4244320617856,354905.1812623407,354906.07502856024,79414.95664346192,79415.15663604959
Mapper,0.8999999999999999,80000,1,1,1,1,4244320617856,354905.1812623407,354906.07502856024,79414.95664346192,79415.15663604959
Latency Sink,0.8999999999999999,80000,1,1,1,1,4244372456757,3516873.961257221,0.0,79101.49049115156,0.0
Latency Sink,0.8999999999999999,80000,1,1,1,1,4244372456757,3516873.961257221,0.0,79101.49049115156,0.0
Source: Bids Source,0.8999999999999999,80000,1,1,1,1,4254312678286,0,83048.34518515684,0,80680.41904965346
Source: Bids Source,0.8999999999999999,80000,1,1,1,1,4254312678286,0,83048.34518515684,0,80680.41904965346
Mapper,0.8999999999999999,80000,1,1,1,1,4254323372086,348497.1029329846,348497.9698703144,80394.23351471162,80394.43350708329
Mapper,0.8999999999999999,80000,1,1,1,1,4254323372086,348497.1029329846,348497.9698703144,80394.23351471162,80394.43350708329
Latency Sink,0.8999999999999999,80000,1,1,1,1,4254377018586,3480138.4368706904,0.0,80778.93356843898,0.0
Latency Sink,0.8999999999999999,80000,1,1,1,1,4254377018586,3480138.4368706904,0.0,80778.93356843898,0.0
Source: Bids Source,0.8999999999999999,80000,1,1,1,1,4264319004917,0,82123.47949379942,0,80392.70582556544
Source: Bids Source,0.8999999999999999,80000,1,1,1,1,4264319004917,0,82123.47949379942,0,80392.70582556544
Mapper,0.8999999999999999,80000,1,1,1,1,4264325093517,425772.2406751615,425773.30080692883,80310.37543929223,80310.57540437242
Mapper,0.8999999999999999,80000,1,1,1,1,4264325093517,425772.2406751615,425773.30080692883,80310.37543929223,80310.57540437242
Latency Sink,0.8999999999999999,80000,1,1,1,1,4264384145918,3915337.1489691264,0.0,80120.80533402093,0.0
Latency Sink,0.8999999999999999,80000,1,1,1,1,4264384145918,3915337.1489691264,0.0,80120.80533402093,0.0
Source: Bids Source,0.8999999999999999,80000,1,1,1,1,4274320824811,0,81878.43864708765,0,79765.64796689467
Source: Bids Source,0.8999999999999999,80000,1,1,1,1,4274320824811,0,81878.43864708765,0,79765.64796689467
Mapper,0.8999999999999999,80000,1,1,1,1,4274329246612,366731.78115204314,366732.7002056056,79795.9122317452,79796.11220546218
Mapper,0.8999999999999999,80000,1,1,1,1,4274329246612,366731.78115204314,366732.7002056056,79795.9122317452,79796.11220546218
Latency Sink,0.8999999999999999,80000,1,1,1,1,4274388215313,3544147.009034882,0.0,79984.53054845046,0.0
Latency Sink,0.8999999999999999,80000,1,1,1,1,4274388215313,3544147.009034882,0.0,79984.53054845046,0.0
Source: Bids Source,0.8999999999999999,80000,1,1,1,1,4284322363136,0,81192.4519022375,0,79819.56662479654
Source: Bids Source,0.8999999999999999,80000,1,1,1,1,4284322363136,0,81192.4519022375,0,79819.56662479654
Mapper,0.8999999999999999,80000,1,1,1,1,4284332188636,433301.37539577286,433302.46101450315,79798.11285076976,79798.31278165129
Mapper,0.8999999999999999,80000,1,1,1,1,4284332188636,433301.37539577286,433302.46101450315,79798.11285076976,79798.31278165129
Latency Sink,0.8999999999999999,80000,1,1,1,1,4284396055737,3862340.9235986783,0.0,78714.38376012823,0.0
Latency Sink,0.8999999999999999,80000,1,1,1,1,4284396055737,3862340.9235986783,0.0,78714.38376012823,0.0
,0.8999999999999999,80000,1,1
Source: Bids Source,0.8999999999999999,80000,1,1,1,1,4294324505454,0,82598.46191734684,0,80498.26276057799
Mapper,0.8999999999999999,80000,1,1,1,1,4294340781754,402634.2057218179,402635.20033836534,80958.64887778535,80958.84886777797
Mapper,0.8999999999999999,80000,1,1,1,1,4294340781754,402634.2057218179,402635.20033836534,80958.64887778535,80958.84886777797
Latency Sink,0.8999999999999999,80000,1,1,1,1,4294401626954,3917552.2094086343,0.0,82232.25872678454,0.0
Latency Sink,0.8999999999999999,80000,1,1,1,1,4294401626954,3917552.2094086343,0.0,82232.25872678454,0.0
Source: Bids Source,1.0999999999999999,80000,1,1,1,1,4470360770900,0,81702.2145779974,0,79916.61253774025
Source: Bids Source,1.0999999999999999,80000,1,1,1,1,4470360770900,0,81702.2145779974,0,79916.61253774025
Mapper,1.0999999999999999,80000,1,1,1,1,4470360808400,418861.4292915617,418862.99930364103,79473.59603585434,79473.89392555493
Mapper,1.0999999999999999,80000,1,1,1,1,4470360808400,418861.4292915617,418862.99930364103,79473.59603585434,79473.89392555493
Latency Sink,1.0999999999999999,80000,1,1,1,1,4470361082800,3905096.869524247,0.0,79454.10791585858,0.0
Latency Sink,1.0999999999999999,80000,1,1,1,1,4470361082800,3905096.869524247,0.0,79454.10791585858,0.0
,1.0999999999999999,80000,1,1
Source: Bids Source,1.0999999999999999,80000,1,1,1,1,4480428922937,0,82678.19014415905,0,79996.37271310021
Mapper,1.0999999999999999,80000,1,1,1,1,4480433008437,372225.347620167,372226.2781858625,79979.64800796931,79979.84795758921
Mapper,1.0999999999999999,80000,1,1,1,1,4480433008437,372225.347620167,372226.2781858625,79979.64800796931,79979.84795758921
Latency Sink,1.0999999999999999,80000,1,1,1,1,4480441710837,3665598.4165934455,0.0,79994.57205630714,0.0
Latency Sink,1.0999999999999999,80000,1,1,1,1,4480441710837,3665598.4165934455,0.0,79994.57205630714,0.0
Source: Bids Source,1.0999999999999999,80000,1,1,1,1,4490434802777,0,81510.00892894276,0,79971.33525405853
Source: Bids Source,1.0999999999999999,80000,1,1,1,1,4490434802777,0,81510.00892894276,0,79971.33525405853
Mapper,1.0999999999999999,80000,1,1,1,1,4490436631677,418458.3973622265,418459.4435069122,79939.98519508529,79940.18504479845
Mapper,1.0999999999999999,80000,1,1,1,1,4490436631677,418458.3973622265,418459.4435069122,79939.98519508529,79940.18504479845
Latency Sink,1.0999999999999999,80000,1,1,1,1,4490445028376,3697821.343043627,0.0,79728.96379539226,0.0
Latency Sink,1.0999999999999999,80000,1,1,1,1,4490445028376,3697821.343043627,0.0,79728.96379539226,0.0
Source: Bids Source,1.0999999999999999,80000,1,1,1,1,4500438952568,0,81355.46513317984,0,79983.106922196
Source: Bids Source,1.0999999999999999,80000,1,1,1,1,4500438952568,0,81355.46513317984,0,79983.106922196
,1.0999999999999999,80000,1,1
Mapper,1.0999999999999999,80000,1,1,1,1,4500460204771,429973.6205771339,429974.6916046126,80274.69841471672,80274.89837211814
Latency Sink,1.0999999999999999,80000,1,1,1,1,4500480973974,3705108.1380949104,0.0,80597.20883107983,0.0
Latency Sink,1.0999999999999999,80000,1,1,1,1,4500480973974,3705108.1380949104,0.0,80597.20883107983,0.0
Source: Bids Source,1.0999999999999999,80000,1,1,1,1,4510441364054,0,82558.99412453514,0,79991.80451615127
Source: Bids Source,1.0999999999999999,80000,1,1,1,1,4510441364054,0,82558.99412453514,0,79991.80451615127
Mapper,1.0999999999999999,80000,1,1,1,1,4510466517654,390850.4065630893,390851.3819078822,80140.8416227896,80141.0416096676
Mapper,1.0999999999999999,80000,1,1,1,1,4510466517654,390850.4065630893,390851.3819078822,80140.8416227896,80141.0416096676
,1.0999999999999999,80000,1,1
Latency Sink,1.0999999999999999,80000,1,1,1,1,4510486295453,3699075.6132502505,0.0,80091.99322006748,0.0
Source: Bids Source,1.0999999999999999,80000,1,1,1,1,4520442784097,0,81493.33629351162,0,79997.56831199548
Source: Bids Source,1.0999999999999999,80000,1,1,1,1,4520442784097,0,81493.33629351162,0,79997.56831199548
Mapper,1.0999999999999999,80000,1,1,1,1,4520470160295,445194.73923354177,445195.850192889,80139.57383196523,80139.77381592907
Mapper,1.0999999999999999,80000,1,1,1,1,4520470160295,445194.73923354177,445195.850192889,80139.57383196523,80139.77381592907
Latency Sink,1.0999999999999999,80000,1,1,1,1,4520490079294,4002826.0710256686,0.0,80433.85353732835,0.0
Latency Sink,1.0999999999999999,80000,1,1,1,1,4520490079294,4002826.0710256686,0.0,80433.85353732835,0.0
Source: Bids Source,1.0999999999999999,80000,1,1,1,1,4530443737368,0,81384.02251438177,0,79958.08342438794
Source: Bids Source,1.0999999999999999,80000,1,1,1,1,4530443737368,0,81384.02251438177,0,79958.08342438794
Mapper,1.0999999999999999,80000,1,1,1,1,4530472422767,430843.6781973878,430844.75530792965,79991.08065539431,79991.28063334593
Mapper,1.0999999999999999,80000,1,1,1,1,4530472422767,430843.6781973878,430844.75530792965,79991.08065539431,79991.28063334593
Latency Sink,1.0999999999999999,80000,1,1,1,1,4530495446966,3738065.4090083227,0.0,79965.74569116447,0.0
Latency Sink,1.0999999999999999,80000,1,1,1,1,4530495446966,3738065.4090083227,0.0,79965.74569116447,0.0
,1.0999999999999999,80000,1,1
Source: Bids Source,1.0999999999999999,80000,1,1,1,1,4540446078808,0,81863.58819360282,0,80014.39828289188
Mapper,1.0999999999999999,80000,1,1,1,1,4540476667108,418279.7662524532,418280.8104039143,80118.26739702473,80118.46739619445
Mapper,1.0999999999999999,80000,1,1,1,1,4540476667108,418279.7662524532,418280.8104039143,80118.26739702473,80118.46739619445
,1.0999999999999999,80000,1,1
Latency Sink,1.0999999999999999,80000,1,1,1,1,4540499418007,3888101.7137332777,0.0,80239.05327639106,0.0
Source: Bids Source,1.0999999999999999,80000,1,1,1,1,4550450090921,0,81377.10568992958,0,79964.67182425196
Source: Bids Source,1.0999999999999999,80000,1,1,1,1,4550450090921,0,81377.10568992958,0,79964.67182425196
,1.0999999999999999,80000,1,1
Mapper,1.0999999999999999,80000,1,1,1,1,4550478584823,408323.1990509923,408324.22277404135,79764.81630655468,79765.01628804274
Latency Sink,1.0999999999999999,80000,1,1,1,1,4550506281724,3735397.3364638076,0.0,79721.29360647431,0.0
Latency Sink,1.0999999999999999,80000,1,1,1,1,4550506281724,3735397.3364638076,0.0,79721.29360647431,0.0
Source: Bids Source,1.0999999999999999,80000,1,1,1,1,4560454835305,0,83878.65605129165,0,79968.1410043393
Source: Bids Source,1.0999999999999999,80000,1,1,1,1,4560454835305,0,83878.65605129165,0,79968.1410043393
Mapper,1.0999999999999999,80000,1,1,1,1,4560483318106,380576.1387989927,380577.08808446163,80179.47152367714,80179.671518368
Mapper,1.0999999999999999,80000,1,1,1,1,4560483318106,380576.1387989927,380577.08808446163,80179.47152367714,80179.671518368
Latency Sink,1.0999999999999999,80000,1,1,1,1,4560513107507,3775244.151373617,0.0,80413.18626763996,0.0
Latency Sink,1.0999999999999999,80000,1,1,1,1,4560513107507,3775244.151373617,0.0,80413.18626763996,0.0
Source: Bids Source,1.0999999999999999,80000,1,1,1,1,4570459746671,0,82516.28177003743,0,79998.82606669418
Source: Bids Source,1.0999999999999999,80000,1,1,1,1,4570459746671,0,82516.28177003743,0,79998.82606669418
Mapper,1.0999999999999999,80000,1,1,1,1,4570485077070,372234.76815978996,372235.6991644987,79961.90389428669,79962.10388879396
Mapper,1.0999999999999999,80000,1,1,1,1,4570485077070,372234.76815978996,372235.6991644987,79961.90389428669,79962.10388879396
Latency Sink,1.0999999999999999,80000,1,1,1,1,4570518520669,3546660.6813163967,0.0,80144.83998534911,0.0
Latency Sink,1.0999999999999999,80000,1,1,1,1,4570518520669,3546660.6813163967,0.0,80144.83998534911,0.0
Source: Bids Source,1.0999999999999999,80000,1,1,1,1,4580460147515,0,82011.70120037075,0,79993.4175821048
Source: Bids Source,1.0999999999999999,80000,1,1,1,1,4580460147515,0,82011.70120037075,0,79993.4175821048
,1.0999999999999999,80000,1,1
Mapper,1.0999999999999999,80000,1,1,1,1,4580487384014,374339.3676778031,374340.30609631597,79763.45116278494,79763.65111904305
Latency Sink,1.0999999999999999,80000,1,1,1,1,4580525082813,3469400.0243008267,0.0,79739.04646277474,0.0
Latency Sink,1.0999999999999999,80000,1,1,1,1,4580525082813,3469400.0243008267,0.0,79739.04646277474,0.0
Source: Bids Source,1.0999999999999999,80000,1,1,1,1,4590463393287,0,82158.23584638693,0,79985.72039055912
Source: Bids Source,1.0999999999999999,80000,1,1,1,1,4590463393287,0,82158.23584638693,0,79985.72039055912
Mapper,1.0999999999999999,80000,1,1,1,1,4590491842287,393442.078612143,393443.06181299814,80032.11664564227,80032.31664368468
Mapper,1.0999999999999999,80000,1,1,1,1,4590491842287,393442.078612143,393443.06181299814,80032.11664564227,80032.31664368468
Latency Sink,1.0999999999999999,80000,1,1,1,1,4590532994986,3755522.665073042,0.0,80252.19251422612,0.0
Latency Sink,1.0999999999999999,80000,1,1,1,1,4590532994986,3755522.665073042,0.0,80252.19251422612,0.0
Source: Bids Source,1.0999999999999999,80000,1,1,1,1,4600466129568,0,81743.93349684688,0,79986.944722851
Source: Bids Source,1.0999999999999999,80000,1,1,1,1,4600466129568,0,81743.93349684688,0,79986.944722851
Mapper,1.0999999999999999,80000,1,1,1,1,4600494731667,417571.03001125355,417572.0734171257,80026.58531956136,80026.78528604141
Mapper,1.0999999999999999,80000,1,1,1,1,4600494731667,417571.03001125355,417572.0734171257,80026.58531956136,80026.78528604141
Latency Sink,1.0999999999999999,80000,1,1,1,1,4600540652866,3811567.3588976045,0.0,79950.76325466852,0.0
Latency Sink,1.0999999999999999,80000,1,1,1,1,4600540652866,3811567.3588976045,0.0,79950.76325466852,0.0
Source: Bids Source,1.0999999999999999,80000,1,1,1,1,4610468277844,0,82350.47032633168,0,80032.75672112062
Source: Bids Source,1.0999999999999999,80000,1,1,1,1,4610468277844,0,82350.47032633168,0,80032.75672112062
,1.0999999999999999,80000,1,1
Mapper,1.0999999999999999,80000,1,1,1,1,4610499186746,406367.00936788943,406368.0229668054,80174.99291544005,80175.192895468
Latency Sink,1.0999999999999999,80000,1,1,1,1,4610546816148,3772836.027627911,0.0,80336.6361229547,0.0
Latency Sink,1.0999999999999999,80000,1,1,1,1,4610546816148,3772836.027627911,0.0,80336.6361229547,0.0
Source: Bids Source,1.0999999999999999,80000,1,1,1,1,4620469037347,0,82181.53305571855,0,79962.48190060808
Source: Bids Source,1.0999999999999999,80000,1,1,1,1,4620469037347,0,82181.53305571855,0,79962.48190060808
,1.0999999999999999,80000,1,1
Mapper,1.0999999999999999,80000,1,1,1,1,4620504348747,436690.9091447604,436692.0028749266,79850.62116152539,79850.82115431508
Latency Sink,1.0999999999999999,80000,1,1,1,1,4620552969347,4048379.648792973,0.0,79589.80015344686,0.0
Latency Sink,1.0999999999999999,80000,1,1,1,1,4620552969347,4048379.648792973,0.0,79589.80015344686,0.0
Source: Bids Source,1.0999999999999999,80000,1,1,1,1,4630469598275,0,82324.3312969178,0,79996.77596987446
Source: Bids Source,1.0999999999999999,80000,1,1,1,1,4630469598275,0,82324.3312969178,0,79996.77596987446
Mapper,1.0999999999999999,80000,1,1,1,1,4630507978275,395557.75842423504,395558.74484518054,80192.79545270313,80192.99543324056
Mapper,1.0999999999999999,80000,1,1,1,1,4630507978275,395557.75842423504,395558.74484518054,80192.79545270313,80192.99543324056
Latency Sink,1.0999999999999999,80000,1,1,1,1,4630559735374,3748156.148580293,0.0,80862.56686058054,0.0
Latency Sink,1.0999999999999999,80000,1,1,1,1,4630559735374,3748156.148580293,0.0,80862.56686058054,0.0
Source: Bids Source,1.0999999999999999,80000,1,1,1,1,4640470325094,0,81674.9880490798,0,79979.75544026055
Source: Bids Source,1.0999999999999999,80000,1,1,1,1,4640470325094,0,81674.9880490798,0,79979.75544026055
,1.0999999999999999,80000,1,1
Mapper,1.0999999999999999,80000,1,1,1,1,4640510333199,410347.7330364935,410348.75508464355,80296.57289822809,80296.77289193387
Latency Sink,1.0999999999999999,80000,1,1,1,1,4640564157105,3822602.981572794,0.0,80263.54603079165,0.0
Latency Sink,1.0999999999999999,80000,1,1,1,1,4640564157105,3822602.981572794,0.0,80263.54603079165,0.0
Source: Bids Source,1.0999999999999999,80000,1,1,1,1,4650473198414,0,81952.46153421153,0,79949.8452224213
Source: Bids Source,1.0999999999999999,80000,1,1,1,1,4650473198414,0,81952.46153421153,0,79949.8452224213
,1.0999999999999999,80000,1,1
Mapper,1.0999999999999999,80000,1,1,1,1,4650511853020,441965.5174773217,441966.62339750276,79925.43157789345,79925.63157346837
Latency Sink,1.0999999999999999,80000,1,1,1,1,4650568654429,4065089.1234708675,0.0,80034.1158963467,0.0
Latency Sink,1.0999999999999999,80000,1,1,1,1,4650568654429,4065089.1234708675,0.0,80034.1158963467,0.0
Source: Bids Source,1.0999999999999999,80000,1,1,1,1,4660476406379,0,81826.576101105,0,79993.92962782977
Source: Bids Source,1.0999999999999999,80000,1,1,1,1,4660476406379,0,81826.576101105,0,79993.92962782977
Mapper,1.0999999999999999,80000,1,1,1,1,4660514824979,399441.18228640873,399442.18314128794,79812.92413732286,79813.12411959331
Mapper,1.0999999999999999,80000,1,1,1,1,4660514824979,399441.18228640873,399442.18314128794,79812.92413732286,79813.12411959331
Latency Sink,1.0999999999999999,80000,1,1,1,1,4660575676978,3697744.2226671786,0.0,79953.79325656609,0.0
Latency Sink,1.0999999999999999,80000,1,1,1,1,4660575676978,3697744.2226671786,0.0,79953.79325656609,0.0
Source: Bids Source,1.0999999999999999,80000,1,1,1,1,4670478701735,0,82131.46008878438,0,80030.0348462506
Source: Bids Source,1.0999999999999999,80000,1,1,1,1,4670478701735,0,82131.46008878438,0,80030.0348462506
,1.0999999999999999,80000,1,1
Mapper,1.0999999999999999,80000,1,1,1,1,4670519427036,411433.15525759605,411434.17865823925,80404.19101453974,80404.39101227873
Latency Sink,1.0999999999999999,80000,1,1,1,1,4670580957037,3819684.0456256084,0.0,80210.63541963589,0.0
Latency Sink,1.0999999999999999,80000,1,1,1,1,4670580957037,3819684.0456256084,0.0,80210.63541963589,0.0
,1.0999999999999999,80000,1,1
Source: Bids Source,1.0999999999999999,80000,1,1,1,1,4680480317890,0,81687.3266756905,0,79977.96401637443
,1.0999999999999999,80000,1,1
Mapper,1.0999999999999999,80000,1,1,1,1,4680522280088,431319.9726027809,431321.0546927325,79717.11071138331,79717.31070463645
Latency Sink,1.0999999999999999,80000,1,1,1,1,4680586082986,3906310.415487421,0.0,80280.28070746835,0.0
Latency Sink,1.0999999999999999,80000,1,1,1,1,4680586082986,3906310.415487421,0.0,80280.28070746835,0.0
,1.0999999999999999,80000,1,1
Source: Bids Source,1.0999999999999999,80000,1,1,1,1,4690484341140,0,82024.19823750042,0,79995.9187573192
,1.0999999999999999,80000,1,1
Mapper,1.0999999999999999,80000,1,1,1,1,4690524743542,422150.33387317957,422151.38443743,80357.40173083325,80357.60170844014
Latency Sink,1.0999999999999999,80000,1,1,1,1,4690590689845,3842764.2490556077,0.0,80046.00033208518,0.0
Latency Sink,1.0999999999999999,80000,1,1,1,1,4690590689845,3842764.2490556077,0.0,80046.00033208518,0.0
Source: Bids Source,1.0999999999999999,80000,1,1,1,1,4700485568822,0,82054.40687950143,0,79956.43503923592
Source: Bids Source,1.0999999999999999,80000,1,1,1,1,4700485568822,0,82054.40687950143,0,79956.43503923592
,1.0999999999999999,80000,1,1
Mapper,1.0999999999999999,80000,1,1,1,1,4700528710124,428546.31985148706,428547.3902793243,80062.12594035575,80062.32592043804
Latency Sink,1.0999999999999999,80000,1,1,1,1,4700596014026,3940181.413565097,0.0,80202.16754062007,0.0
Latency Sink,1.0999999999999999,80000,1,1,1,1,4700596014026,3940181.413565097,0.0,80202.16754062007,0.0
Source: Bids Source,0.7,95000,1,1,1,1,4877359930209,0,99469.09193843183,0,94925.65568945516
Source: Bids Source,0.7,95000,1,1,1,1,4877359930209,0,99469.09193843183,0,94925.65568945516
Mapper,0.7,95000,1,1,1,1,4877360913309,327564.48970974376,327565.5241239218,93982.38118196139,93982.67796842828
Mapper,0.7,95000,1,1,1,1,4877360913309,327564.48970974376,327565.5241239218,93982.38118196139,93982.67796842828
Latency Sink,0.7,95000,1,1,1,1,4877368542708,3218083.3684197576,0.0,93874.8988514393,0.0
Latency Sink,0.7,95000,1,1,1,1,4877368542708,3218083.3684197576,0.0,93874.8988514393,0.0
Source: Bids Source,0.7,95000,1,1,1,1,4887424018524,0,97456.62293042432,0,94999.76600631527
Source: Bids Source,0.7,95000,1,1,1,1,4887424018524,0,97456.62293042432,0,94999.76600631527
,0.7,95000,1,1
Mapper,0.7,95000,1,1,1,1,4887673300826,421461.6294239843,421462.51636991766,95029.39013917602,95029.59012400321
Latency Sink,0.7,95000,1,1,1,1,4887676311726,3769289.3272809647,0.0,95018.553070848,0.0
Latency Sink,0.7,95000,1,1,1,1,4887676311726,3769289.3272809647,0.0,95018.553070848,0.0
Source: Bids Source,0.7,95000,1,1,1,1,4897459271033,0,98317.7772041326,0,94730.37506773215
Source: Bids Source,0.7,95000,1,1,1,1,4897459271033,0,98317.7772041326,0,94730.37506773215
Mapper,0.7,95000,1,1,1,1,4897680777123,346922.94267564965,346923.67220193613,95101.20510688721,95101.40509028545
Mapper,0.7,95000,1,1,1,1,4897680777123,346922.94267564965,346923.67220193613,95101.20510688721,95101.40509028545
Latency Sink,0.7,95000,1,1,1,1,4897686413823,3344135.675223006,0.0,95072.25247148953,0.0
Latency Sink,0.7,95000,1,1,1,1,4897686413823,3344135.675223006,0.0,95072.25247148953,0.0
Source: Bids Source,0.7,95000,1,1,1,1,4907588289989,0,97348.25905957117,0,94803.61875233015
Source: Bids Source,0.7,95000,1,1,1,1,4907588289989,0,97348.25905957117,0,94803.61875233015
Mapper,0.7,95000,1,1,1,1,4907690795079,409050.39921251324,409051.25740281335,95323.29493453768,95323.49492340762
Mapper,0.7,95000,1,1,1,1,4907690795079,409050.39921251324,409051.25740281335,95323.29493453768,95323.49492340762
Latency Sink,0.7,95000,1,1,1,1,4907702537678,3699581.6066463203,0.0,95446.54038402264,0.0
Latency Sink,0.7,95000,1,1,1,1,4907702537678,3699581.6066463203,0.0,95446.54038402264,0.0
Source: Bids Source,0.7,95000,1,1,1,1,4917676287014,0,98323.26313706023,0,94971.506272808
Source: Bids Source,0.7,95000,1,1,1,1,4917676287014,0,98323.26313706023,0,94971.506272808
Mapper,0.7,95000,1,1,1,1,4917697328413,365369.9219136767,365370.69259159145,94803.02847468488,94803.22844352717
Mapper,0.7,95000,1,1,1,1,4917697328413,365369.9219136767,365370.69259159145,94803.02847468488,94803.22844352717
Latency Sink,0.7,95000,1,1,1,1,4917706896413,3484094.266951761,0.0,94655.97914935759,0.0
Latency Sink,0.7,95000,1,1,1,1,4917706896413,3484094.266951761,0.0,94655.97914935759,0.0
Source: Bids Source,0.7,95000,1,1,1,1,4927681340841,0,97571.88669390406,0,94977.68661263633
Source: Bids Source,0.7,95000,1,1,1,1,4927681340841,0,97571.88669390406,0,94977.68661263633
Mapper,0.7,95000,1,1,1,1,4927701802641,405095.0614363387,405095.9149247839,94905.58813399647,94905.78808909481
Mapper,0.7,95000,1,1,1,1,4927701802641,405095.0614363387,405095.9149247839,94905.58813399647,94905.78808909481
Latency Sink,0.7,95000,1,1,1,1,4927724396740,3775450.332265024,0.0,95135.7541249338,0.0
Latency Sink,0.7,95000,1,1,1,1,4927724396740,3775450.332265024,0.0,95135.7541249338,0.0
Source: Bids Source,0.7,95000,1,1,1,1,4937685309028,0,97515.91433917306,0,94984.45707661676
Source: Bids Source,0.7,95000,1,1,1,1,4937685309028,0,97515.91433917306,0,94984.45707661676
Mapper,0.7,95000,1,1,1,1,4937706509127,414493.46707216697,414494.33868625987,95099.33162454239,95099.53160337018
Mapper,0.7,95000,1,1,1,1,4937706509127,414493.46707216697,414494.33868625987,95099.33162454239,95099.53160337018
Latency Sink,0.7,95000,1,1,1,1,4937731832527,3798963.0757730827,0.0,95349.06428962943,0.0
Latency Sink,0.7,95000,1,1,1,1,4937731832527,3798963.0757730827,0.0,95349.06428962943,0.0
Source: Bids Source,0.7,95000,1,1,1,1,4947688223449,0,98155.49594232166,0,94982.10704839256
Source: Bids Source,0.7,95000,1,1,1,1,4947688223449,0,98155.49594232166,0,94982.10704839256
Mapper,0.7,95000,1,1,1,1,4947709368749,361743.04391008324,361743.80664819997,94847.09544851692,94847.29543438033
Mapper,0.7,95000,1,1,1,1,4947709368749,361743.04391008324,361743.80664819997,94847.09544851692,94847.29543438033
Latency Sink,0.7,95000,1,1,1,1,4947735955949,3312856.334919944,0.0,94505.22119676555,0.0
Latency Sink,0.7,95000,1,1,1,1,4947735955949,3312856.334919944,0.0,94505.22119676555,0.0
Source: Bids Source,0.7,95000,1,1,1,1,4957692811129,0,98332.10425230187,0,95034.73544194893
Source: Bids Source,0.7,95000,1,1,1,1,4957692811129,0,98332.10425230187,0,95034.73544194893
Mapper,0.7,95000,1,1,1,1,4957713782229,382765.5114624845,382766.31635263585,95107.35014754238,95107.5501419702
Mapper,0.7,95000,1,1,1,1,4957713782229,382765.5114624845,382766.31635263585,95107.35014754238,95107.5501419702
Latency Sink,0.7,95000,1,1,1,1,4957749006229,3599447.4508201214,0.0,95797.43569488359,0.0
Latency Sink,0.7,95000,1,1,1,1,4957749006229,3599447.4508201214,0.0,95797.43569488359,0.0
Source: Bids Source,0.7,95000,1,1,1,1,4967693365149,0,98808.29586330875,0,94960.06769194674
Source: Bids Source,0.7,95000,1,1,1,1,4967693365149,0,98808.29586330875,0,94960.06769194674
Mapper,0.7,95000,1,1,1,1,4967716396946,385258.2707806606,385259.0812322019,95065.52493786324,95065.7249231901
Mapper,0.7,95000,1,1,1,1,4967716396946,385258.2707806606,385259.0812322019,95065.52493786324,95065.7249231901
Latency Sink,0.7,95000,1,1,1,1,4967755386841,3665065.0672528613,0.0,95237.59610424156,0.0
Latency Sink,0.7,95000,1,1,1,1,4967755386841,3665065.0672528613,0.0,95237.59610424156,0.0
Source: Bids Source,0.7,95000,1,1,1,1,4977695802158,0,98271.38565625703,0,94964.04775680328
Source: Bids Source,0.7,95000,1,1,1,1,4977695802158,0,98271.38565625703,0,94964.04775680328
Mapper,0.7,95000,1,1,1,1,4977719262457,402242.7495176989,402243.5982994183,94771.21072582755,94771.41070474894
Mapper,0.7,95000,1,1,1,1,4977719262457,402242.7495176989,402243.5982994183,94771.21072582755,94771.41070474894
Latency Sink,0.7,95000,1,1,1,1,4977763658056,3746936.94848213,0.0,94201.0787163441,0.0
Latency Sink,0.7,95000,1,1,1,1,4977763658056,3746936.94848213,0.0,94201.0787163441,0.0
Source: Bids Source,0.7,95000,1,1,1,1,4987702834698,0,97938.7858149484,0,95031.46475461926
Source: Bids Source,0.7,95000,1,1,1,1,4987702834698,0,97938.7858149484,0,95031.46475461926
Mapper,0.7,95000,1,1,1,1,4987723770098,400776.92389762716,400777.76407440123,95397.42024304895,95397.62023135171
Mapper,0.7,95000,1,1,1,1,4987723770098,400776.92389762716,400777.76407440123,95397.42024304895,95397.62023135171
Latency Sink,0.7,95000,1,1,1,1,4987772823096,3641477.9475091933,0.0,96254.88289230053,0.0
Latency Sink,0.7,95000,1,1,1,1,4987772823096,3641477.9475091933,0.0,96254.88289230053,0.0
Source: Bids Source,0.7,95000,1,1,1,1,4997703845294,0,96924.98384249423,0,94921.77502634379
Source: Bids Source,0.7,95000,1,1,1,1,4997703845294,0,96924.98384249423,0,94921.77502634379
Mapper,0.7,95000,1,1,1,1,4997725961694,437908.4324538777,437909.3593677995,94459.7526505645,94459.95259204379
Mapper,0.7,95000,1,1,1,1,4997725961694,437908.4324538777,437909.3593677995,94459.7526505645,94459.95259204379
Latency Sink,0.7,95000,1,1,1,1,4997776354993,3868829.743357529,0.0,93313.67202758614,0.0
Latency Sink,0.7,95000,1,1,1,1,4997776354993,3868829.743357529,0.0,93313.67202758614,0.0
Source: Bids Source,0.7,95000,1,1,1,1,5007712892186,0,97612.85022557346,0,95253.59488047558
Source: Bids Source,0.7,95000,1,1,1,1,5007712892186,0,97612.85022557346,0,95253.59488047558
Mapper,0.7,95000,1,1,1,1,5007733082986,390905.71451600635,390906.5315104856,95691.66985117327,95691.86984713924
Mapper,0.7,95000,1,1,1,1,5007733082986,390905.71451600635,390906.5315104856,95691.66985117327,95691.86984713924
Latency Sink,0.7,95000,1,1,1,1,5007785871085,3615533.4004840567,0.0,96584.75088757824,0.0
Latency Sink,0.7,95000,1,1,1,1,5007785871085,3615533.4004840567,0.0,96584.75088757824,0.0
Source: Bids Source,0.7,95000,1,1,1,1,5017713768391,0,98063.56050813888,0,94887.95544716013
Source: Bids Source,0.7,95000,1,1,1,1,5017713768391,0,98063.56050813888,0,94887.95544716013
,0.7,95000,1,1
Mapper,0.7,95000,1,1,1,1,5017739703990,391286.0281353289,391286.851963896,94983.05571343498,94983.25569439278
Latency Sink,0.7,95000,1,1,1,1,5017789125089,3644801.2906804485,0.0,95610.81214297088,0.0
Latency Sink,0.7,95000,1,1,1,1,5017789125089,3644801.2906804485,0.0,95610.81214297088,0.0
Source: Bids Source,0.7,95000,1,1,1,1,5027714136190,0,98738.49328773498,0,94845.67862876624
Source: Bids Source,0.7,95000,1,1,1,1,5027714136190,0,98738.49328773498,0,94845.67862876624
,0.7,95000,1,1
Mapper,0.7,95000,1,1,1,1,5027743502290,354790.03609275375,354790.7833565942,94946.40959446349,94946.60957194719
Latency Sink,0.7,95000,1,1,1,1,5027796633289,3442377.8526190007,0.0,94608.38463635428,0.0
Latency Sink,0.7,95000,1,1,1,1,5027796633289,3442377.8526190007,0.0,94608.38463635428,0.0
Source: Bids Source,0.7,95000,1,1,1,1,5037716150931,0,97433.83142646147,0,94997.51474324976
Source: Bids Source,0.7,95000,1,1,1,1,5037716150931,0,97433.83142646147,0,94997.51474324976
,0.7,95000,1,1
Mapper,0.7,95000,1,1,1,1,5037748694631,411026.1060976914,411026.97286467894,94840.0707677294,94840.27076534808
Latency Sink,0.7,95000,1,1,1,1,5037803432430,3724853.6731365947,0.0,94877.90022877943,0.0
Latency Sink,0.7,95000,1,1,1,1,5037803432430,3724853.6731365947,0.0,94877.90022877943,0.0
Source: Bids Source,0.7,95000,1,1,1,1,5047718122297,0,97448.78108029522,0,94995.40071836124
Source: Bids Source,0.7,95000,1,1,1,1,5047718122297,0,97448.78108029522,0,94995.40071836124
,0.7,95000,1,1
Mapper,0.7,95000,1,1,1,1,5047752361998,422366.6045725621,422367.4905395614,95336.22040867206,95336.4203883679
Latency Sink,0.7,95000,1,1,1,1,5047809233699,3802012.48158718,0.0,95912.12890983878,0.0
Latency Sink,0.7,95000,1,1,1,1,5047809233699,3802012.48158718,0.0,95912.12890983878,0.0
Source: Bids Source,0.7,95000,1,1,1,1,5057720224609,0,98789.73900161753,0,94986.906772371
Source: Bids Source,0.7,95000,1,1,1,1,5057720224609,0,98789.73900161753,0,94986.906772371
,0.7,95000,1,1
Mapper,0.7,95000,1,1,1,1,5057755737409,359947.40217142075,359948.1594619907,95056.44965328978,95056.64964182282
Latency Sink,0.7,95000,1,1,1,1,5057812986909,3435282.8619058696,0.0,94926.08041444885,0.0
Latency Sink,0.7,95000,1,1,1,1,5057812986909,3435282.8619058696,0.0,94926.08041444885,0.0
Source: Bids Source,0.7,95000,1,1,1,1,5067722450189,0,99009.6232065195,0,94999.37426543889
Source: Bids Source,0.7,95000,1,1,1,1,5067722450189,0,99009.6232065195,0,94999.37426543889
Mapper,0.7,95000,1,1,1,1,5067759084589,345072.50023155106,345073.23109438154,94421.5255768265,94421.7255614193
Mapper,0.7,95000,1,1,1,1,5067759084589,345072.50023155106,345073.23109438154,94421.5255768265,94421.7255614193
Latency Sink,0.7,95000,1,1,1,1,5067819286589,3197033.3417649968,0.0,93225.75427474086,0.0
Latency Sink,0.7,95000,1,1,1,1,5067819286589,3197033.3417649968,0.0,93225.75427474086,0.0
,0.7,95000,1,1
Source: Bids Source,0.7,95000,1,1,1,1,5077724615409,0,100216.53950976976,0,94997.57942527324
,0.7,95000,1,1
Mapper,0.7,95000,1,1,1,1,5077764572109,331470.3207253395,331471.0197857324,94810.76108667794,94810.9610395659
Latency Sink,0.7,95000,1,1,1,1,5077832125310,3374327.5893018586,0.0,94843.08663230186,0.0
Latency Sink,0.7,95000,1,1,1,1,5077832125310,3374327.5893018586,0.0,94843.08663230186,0.0
Source: Bids Source,0.7,110000,1,1,1,1,5255714858774,0,112328.9076242537,0,109372.6320650709
Source: Bids Source,0.7,110000,1,1,1,1,5255714858774,0,112328.9076242537,0,109372.6320650709
,0.7,110000,1,1
Mapper,0.7,110000,1,1,1,1,5255717167474,414432.0154227165,414433.14531898365,108513.40997808253,108513.70582611626
Latency Sink,0.7,110000,1,1,1,1,5255707715374,3738889.578951927,0.0,108368.96432318317,0.0
Latency Sink,0.7,110000,1,1,1,1,5255707715374,3738889.578951927,0.0,108368.96432318317,0.0
,0.7,110000,1,1
Source: Bids Source,0.7,110000,1,1,1,1,5265850756656,0,113930.99165746129,0,109925.87122009385
Mapper,0.7,110000,1,1,1,1,5265861370256,381293.9426332575,381294.63589434116,109990.39406266152,109990.59404501438
Mapper,0.7,110000,1,1,1,1,5265861370256,381293.9426332575,381294.63589434116,109990.39406266152,109990.59404501438
Latency Sink,0.7,110000,1,1,1,1,5265880223556,3606938.5287050228,0.0,110430.45569715557,0.0
Latency Sink,0.7,110000,1,1,1,1,5265880223556,3606938.5287050228,0.0,110430.45569715557,0.0
Source: Bids Source,0.7,110000,1,1,1,1,5275862042491,0,113607.8295771258,0,109987.66409077685
Source: Bids Source,0.7,110000,1,1,1,1,5275862042491,0,113607.8295771258,0,109987.66409077685
Mapper,0.7,110000,1,1,1,1,5275865677091,396168.2218913231,396168.9421978359,109987.75113796644,109987.95111587757
Mapper,0.7,110000,1,1,1,1,5275865677091,396168.2218913231,396168.9421978359,109987.75113796644,109987.95111587757
Latency Sink,0.7,110000,1,1,1,1,5275884819091,3704218.830338736,0.0,109476.49321760278,0.0
Latency Sink,0.7,110000,1,1,1,1,5275884819091,3704218.830338736,0.0,109476.49321760278,0.0
Source: Bids Source,0.7,110000,1,1,1,1,5285863462255,0,114827.18350681826,0,109990.86269237395
Source: Bids Source,0.7,110000,1,1,1,1,5285863462255,0,114827.18350681826,0,109990.86269237395
Mapper,0.7,110000,1,1,1,1,5285873071756,394461.28492950596,394462.00165619625,110038.02082784039,110038.22076428408
Mapper,0.7,110000,1,1,1,1,5285873071756,394461.28492950596,394462.00165619625,110038.02082784039,110038.22076428408
Latency Sink,0.7,110000,1,1,1,1,5285893824056,3758010.895110661,0.0,110435.967006457,0.0
Latency Sink,0.7,110000,1,1,1,1,5285893824056,3758010.895110661,0.0,110435.967006457,0.0
Source: Bids Source,0.7,110000,1,1,1,1,5295864683380,0,115302.32487597618,0,109987.57723099885
Source: Bids Source,0.7,110000,1,1,1,1,5295864683380,0,115302.32487597618,0,109987.57723099885
Mapper,0.7,110000,1,1,1,1,5295878287883,384618.52551218844,384619.2247143538,110012.79990813196,110012.99990158732
Mapper,0.7,110000,1,1,1,1,5295878287883,384618.52551218844,384619.2247143538,110012.79990813196,110012.99990158732
Latency Sink,0.7,110000,1,1,1,1,5295897657886,3734382.7092321496,0.0,110071.5052248525,0.0
Latency Sink,0.7,110000,1,1,1,1,5295897657886,3734382.7092321496,0.0,110071.5052248525,0.0
Source: Bids Source,0.7,110000,1,1,1,1,5305866066826,0,116838.43206677494,0,109970.66466905015
Source: Bids Source,0.7,110000,1,1,1,1,5305866066826,0,116838.43206677494,0,109970.66466905015
Mapper,0.7,110000,1,1,1,1,5305881220126,325990.3188324313,325990.9114343561,110001.95249666304,110002.15246385537
Mapper,0.7,110000,1,1,1,1,5305881220126,325990.3188324313,325990.9114343561,110001.95249666304,110002.15246385537
Latency Sink,0.7,110000,1,1,1,1,5305902551527,3271756.46953873,0.0,109709.37565930378,0.0
Latency Sink,0.7,110000,1,1,1,1,5305902551527,3271756.46953873,0.0,109709.37565930378,0.0
Source: Bids Source,0.7,110000,1,1,1,1,5315869577779,0,113214.48305755411,0,109984.53170879015
Source: Bids Source,0.7,110000,1,1,1,1,5315869577779,0,113214.48305755411,0,109984.53170879015
Mapper,0.7,110000,1,1,1,1,5315885405579,396957.3031668234,396958.0249047501,109993.3541777101,109993.55416489957
Mapper,0.7,110000,1,1,1,1,5315885405579,396957.3031668234,396958.0249047501,109993.3541777101,109993.55416489957
Latency Sink,0.7,110000,1,1,1,1,5315910615779,3593317.345009869,0.0,110013.61156841346,0.0
Latency Sink,0.7,110000,1,1,1,1,5315910615779,3593317.345009869,0.0,110013.61156841346,0.0
Source: Bids Source,0.7,110000,1,1,1,1,5325872024746,0,114743.49204634965,0,109996.97951244983
Source: Bids Source,0.7,110000,1,1,1,1,5325872024746,0,114743.49204634965,0,109996.97951244983
Mapper,0.7,110000,1,1,1,1,5325888733347,370769.9257576831,370770.59899186756,110129.14699997756,110129.34696955791
Mapper,0.7,110000,1,1,1,1,5325888733347,370769.9257576831,370770.59899186756,110129.14699997756,110129.34696955791
Latency Sink,0.7,110000,1,1,1,1,5325919316249,3565487.5879206643,0.0,110409.66482299837,0.0
Latency Sink,0.7,110000,1,1,1,1,5325919316249,3565487.5879206643,0.0,110409.66482299837,0.0
Source: Bids Source,0.7,110000,1,1,1,1,5335872719661,0,114331.87043444607,0,109977.66930940984
Source: Bids Source,0.7,110000,1,1,1,1,5335872719661,0,114331.87043444607,0,109977.66930940984
Mapper,0.7,110000,1,1,1,1,5335892368361,405640.14767713594,405640.8863516372,109824.15417316617,109824.35416397768
Mapper,0.7,110000,1,1,1,1,5335892368361,405640.14767713594,405640.8863516372,109824.15417316617,109824.35416397768
Latency Sink,0.7,110000,1,1,1,1,5335927173361,3780781.4465999766,0.0,109602.30929949933,0.0
Latency Sink,0.7,110000,1,1,1,1,5335927173361,3780781.4465999766,0.0,109602.30929949933,0.0
,0.7,110000,1,1
Source: Bids Source,0.7,110000,1,1,1,1,5345876830007,0,114706.22355387257,0,110068.88690422286
Mapper,0.7,110000,1,1,1,1,5345898101207,369760.7589026959,369761.4274958413,110596.27549390741,110596.4754716225
Mapper,0.7,110000,1,1,1,1,5345898101207,369760.7589026959,369761.4274958413,110596.27549390741,110596.4754716225
Latency Sink,0.7,110000,1,1,1,1,5345937958807,3512661.596564905,0.0,111475.54950002932,0.0
Latency Sink,0.7,110000,1,1,1,1,5345937958807,3512661.596564905,0.0,111475.54950002932,0.0
Source: Bids Source,0.7,110000,1,1,1,1,5355878378676,0,114155.94249181982,0,109925.73050353095
Source: Bids Source,0.7,110000,1,1,1,1,5355878378676,0,114155.94249181982,0,109925.73050353095
Mapper,0.7,110000,1,1,1,1,5355901229376,395799.0262468331,395799.7499625248,109360.81589145823,109361.01585692877
Mapper,0.7,110000,1,1,1,1,5355901229376,395799.0262468331,395799.7499625248,109360.81589145823,109361.01585692877
Latency Sink,0.7,110000,1,1,1,1,5355944734876,3677188.5515958937,0.0,108356.37734148533,0.0
Latency Sink,0.7,110000,1,1,1,1,5355944734876,3677188.5515958937,0.0,108356.37734148533,0.0
,0.7,110000,1,1
Source: Bids Source,0.7,110000,1,1,1,1,5365879014648,0,114557.86160760088,0,109985.0406816513
Mapper,0.7,110000,1,1,1,1,5365907263646,373484.9221638769,373485.59875780385,110396.74937396191,110396.94936535582
Mapper,0.7,110000,1,1,1,1,5365907263646,373484.9221638769,373485.59875780385,110396.74937396191,110396.94936535582
Latency Sink,0.7,110000,1,1,1,1,5365962046243,3522319.812107399,0.0,111763.55117175466,0.0
Latency Sink,0.7,110000,1,1,1,1,5365962046243,3522319.812107399,0.0,111763.55117175466,0.0
,0.7,110000,1,1
Source: Bids Source,0.7,110000,1,1,1,1,5375881809671,0,115282.73093034676,0,110034.57896885874
Mapper,0.7,110000,1,1,1,1,5375909663969,355976.86631915957,355977.5118245657,110285.45995717985,110285.6599416939
Mapper,0.7,110000,1,1,1,1,5375909663969,355976.86631915957,355977.5118245657,110285.45995717985,110285.6599416939
Latency Sink,0.7,110000,1,1,1,1,5375967728264,3446741.059660926,0.0,110636.6704695052,0.0
Latency Sink,0.7,110000,1,1,1,1,5375967728264,3446741.059660926,0.0,110636.6704695052,0.0
Source: Bids Source,0.7,110000,1,1,1,1,5385883026627,0,115668.02947953845,0,110104.31230033284
Source: Bids Source,0.7,110000,1,1,1,1,5385883026627,0,115668.02947953845,0,110104.31230033284
,0.7,110000,1,1
Mapper,0.7,110000,1,1,1,1,5385911911626,348683.04671957676,348683.6824190109,109686.637351749,109686.83732629307
Latency Sink,0.7,110000,1,1,1,1,5385971021426,3391265.4630542304,0.0,109564.79855070596,0.0
Latency Sink,0.7,110000,1,1,1,1,5385971021426,3391265.4630542304,0.0,109564.79855070596,0.0
,0.7,110000,1,1
Source: Bids Source,0.7,110000,1,1,1,1,5395883615584,0,117323.2637050492,0,109840.312132928
Mapper,0.7,110000,1,1,1,1,5395916036784,304574.2627042378,304574.81575364363,110138.79420385371,110138.99419512729
Mapper,0.7,110000,1,1,1,1,5395916036784,304574.2627042378,304574.81575364363,110138.79420385371,110138.99419512729
Latency Sink,0.7,110000,1,1,1,1,5395976697185,3111538.0757785183,0.0,110567.32689985026,0.0
Latency Sink,0.7,110000,1,1,1,1,5395976697185,3111538.0757785183,0.0,110567.32689985026,0.0
Source: Bids Source,0.7,110000,1,1,1,1,5405886715023,0,118115.67607606239,0,110028.3213012022
Source: Bids Source,0.7,110000,1,1,1,1,5405886715023,0,118115.67607606239,0,110028.3213012022
,0.7,110000,1,1
Mapper,0.7,110000,1,1,1,1,5405917922324,363829.9691640679,363830.6292161877,110222.06238029552,110222.26234267381
Latency Sink,0.7,110000,1,1,1,1,5405981151626,3604960.785579372,0.0,109950.11389798898,0.0
Latency Sink,0.7,110000,1,1,1,1,5405981151626,3604960.785579372,0.0,109950.11389798898,0.0
Source: Bids Source,0.7,110000,1,1,1,1,5415887684264,0,114430.36360393043,0,109940.10498180772
Source: Bids Source,0.7,110000,1,1,1,1,5415887684264,0,114430.36360393043,0,109940.10498180772
,0.7,110000,1,1
Mapper,0.7,110000,1,1,1,1,5415922443264,371003.84131207794,371004.51729575853,109758.95552329562,109759.15550845607
Latency Sink,0.7,110000,1,1,1,1,5415986213964,3423245.693789788,0.0,109917.1511315302,0.0
Latency Sink,0.7,110000,1,1,1,1,5415986213964,3423245.693789788,0.0,109917.1511315302,0.0
,0.7,110000,1,1
Source: Bids Source,0.7,110000,1,1,1,1,5425890141797,0,115548.36639764011,0,109961.50202931747
,0.7,110000,1,1
Mapper,0.7,110000,1,1,1,1,5425925557197,356402.8177580375,356403.4641852905,110264.34054238745,110264.54053484323
Latency Sink,0.7,110000,1,1,1,1,5425991009898,3480991.481554479,0.0,110260.94244619635,0.0
Latency Sink,0.7,110000,1,1,1,1,5425991009898,3480991.481554479,0.0,110260.94244619635,0.0
